CREEK DELUXE,HIGH SEASON 01.04.24 - 19.12.24 11.01.25 - 30.06.25.BO,HIGH SEASON 01.04.24 - 19.12.24 11.01.25 - 30.06.25.B&B,HIGH SEASON 01.04.24 - 19.12.24 11.01.25 - 30.06.25.HB,FESTIVE SEASON 20.12.24 - 10.01.25.BO,FESTIVE SEASON 20.12.24 - 10.01.25.B&B,FESTIVE SEASON 20.12.24 - 10.01.25.HB
Single,$ 231,$ 256,$ 283,$ 323,$ 358,$ 396
Double,$ 231,$ 281,$ 335,$ 323,$ 393,$ 469
BOUTIQUE,BO,B&B,HB,BO,B&B,HB
Single,$ 187,$ 212,$ 239,$ 261,$ 296,$ 334
Double/Twin,$ 187,$ 237,$ 291,$ 261,$ 331,$ 407
Triple,$ 187,$ 262,$ 343,$ 261,$ 366,$ 480
COZY,BO,B&B,HB,BO,B&B,HB
Single,$ 144,$ 169,$ 196,$ 201,$ 236,$ 274
Double,$ 144,$ 194,$ 248,$ 201,$ 271,$ 347
