MARACONCORD (Minimum 2 pax),5.15am
ROYALMARACAMP (Minimum 2 pax),5.15am
MARARIANDA CAMP (Minimum 2 pax),5.00am
OLNTOMECAMP (Minimum 2 pax),5.00am
ENKARESERIAN (Minimum 2 pax),5.00am
KARENBLIXEN (Minimum 2 pax),5.15am
KANDILICAMP (Minimum 2 pax),5.15am
MAHALI MZURI (Minimum 2 pax),4.50am
MARAPLAINS (Minimum 2 pax),4.30am
OLAREKEMPINSKI (Minimum 2 pax),4.30am
LOYKMARACAMP (Minimum 2 pax),4.30 am
OLUMARAMARACAMP (Minimum 2 pax),4.30am
ZEBRA PLAINSCAMP (Minimum 2 pax),4.30am
JULIASCAMP (Minimum 4 pax),4.00am
EXPLORERMARA CAMP (Minimum 4 pax),4.00am
MARAINTERPRIDS (Minimum 4 pax),4.00am
BUSHCAMP (Minimum 4 pax),4.00am
REKEROCAMP (Minimum 4 pax),4.00am
NAIBORTENTEDCAMP (Minimum 4 pax),4.00am
AMANIMARA (Minimum 2 pax),4.00am
ARUBACAMP (Minimum 4 pax),4.00am
ACACIACAMP (Minimum 4 pax),4.00am
CROCODILECAMP (Minimum 4 pax),4.00am
BASECAMP (Minimum 4 pax),4.00am
TIPILIKWANIMARACAMP (Minimum 4 pax),4.00am
MARALEISURE (Minimum 4 pax),4.00am
MARASIMBALODGE (Minimum 4 pax),3.30am
